,link,Release Date,Running Time,Keywords,Source,Genre,Production Method,Creative Type,Production/Financing Companies,Production Countries,Languages
0,https://www.the-numbers.com/movie/Star-Wars-Ep-III-Revenge-of-the-Sith#tab=summary,"May 18, 2005",139 minutes,"Visual Effects,Good vs. Evil,Cyborg,Cloning,War,Betrayal,Death of a Spouse or Fiancée / Fiancé,Space Opera,Filmed in Shepperton Studios, Surrey, England,Filmed in Surrey, England,Filmed in England,Filmed in United Kingdom,Filmed in Elstree Studios, Hertfordshire, England,Filmed in Hertfordshire, England,Filmed in Fox Studios Australia, Sydney, Australia,Filmed in Sydney, Australia,Filmed in New South Wales, Australia,Filmed in Australia,Filmed in Phuket, Thailand,Filmed in Thailand,Filmed in Mount Etna, Italy,Filmed in Italy,Action Adventure",Original Screenplay,Adventure,Animation/Live Action,Science Fiction,Lucasfilm,United States,English
1,https://www.the-numbers.com/movie/Harry-Potter-and-the-Goblet-of-Fire#tab=summary,"November 18, 2005",150 minutes,"Boarding School,Visual Effects,IMAX: DMR,Family Adventure",Based on Fiction Book/Short Story,Adventure,Animation/Live Action,Fantasy,"Warner Bros.,Heyday Films","United Kingdom,United States",English
2,https://www.the-numbers.com/movie/Chronicles-of-Narnia-The-Lion-the-Witch-and-the-Wardrobe-The#tab=summary,"December 09, 2005",140 minutes,"Talking Animals,Visual Effects,Alternative Dimensions / Parallel universe,World War II,Family Adventure",Based on Fiction Book/Short Story,Adventure,Animation/Live Action,Fantasy,"Walt Disney Pictures,Walden Media,Mark Johnson","United States,United Kingdom",English
3,https://www.the-numbers.com/movie/War-of-the-Worlds#tab=summary,"June 24, 2005",116 minutes,"Alien Invasion,Visual Effects,Voiceover/Narration,Set in Illinois,Set in England,Set in France,Set in Italy,Restaurants,War,2000s,End of the World,Car Accident,Action Adventure,Remake",Based on Fiction Book/Short Story,Action,Animation/Live Action,Science Fiction,"Paramount Pictures,DreamWorks Pictures,Amblin Entertainment,Cruise-Wagner",United States,English
4,https://www.the-numbers.com/movie/King-Kong-(2005)#tab=summary,"December 14, 2005",189 minutes,"Animals Gone Bad,Creature Feature,Visual Effects,Motion Capture Performance,Action Adventure,Remake",Original Screenplay,Adventure,Animation/Live Action,Fantasy,Wingnut Films,"New Zealand,United States",English
5,https://www.the-numbers.com/movie/Madagascar#tab=summary,"May 27, 2005",86 minutes,"Family Adventure,Animal Lead,Talking Animals,Zoos,In a Plane,You Can't Go Home Again,Set in New York City,Set in New York,Jungle,Friends turned Enemies",Original Screenplay,Adventure,Digital Animation,Kids Fiction,"DreamWorks Animation,PDI",United States,English
6,https://www.the-numbers.com/movie/Mr-and-Mrs-Smith#tab=summary,"June 10, 2005",120 minutes,"Hitmen,Secret Agent,Assassination,Nightclub,Car Chase,Family Secrets,Secret Identity,Action Comedy",Original Screenplay,Action,Live Action,Contemporary Fiction,"Regency Enterprises,New Regency,Summit Entertainment,Weed Road Pictures",United States,English
7,https://www.the-numbers.com/movie/Charlie-and-the-Chocolate-Factory-(2005)#tab=summary,"July 15, 2005",115 minutes,"Visual Effects,Food,Spoiled Child,Rags to Riches,Dysfunctional Family,Poverty,IMAX: DMR,Remake,Family Adventure",Based on Fiction Book/Short Story,Adventure,Live Action,Kids Fiction,"Village Roadshow Productions,Warner Bros.,Zancuk Company,Plan B Entertainment",United States,English
8,https://www.the-numbers.com/movie/Hitch#tab=summary,"February 11, 2005",117 minutes,"Relationship Advice,Romance,Tabloid Journalism,Set in Manhattan,Set in New York,Wedding Day,Breaking the Fourth Wall,Romantic Comedy",Original Screenplay,Romantic Comedy,Live Action,Contemporary Fiction,"Columbia Pictures,Overbrook Entertainment",United States,English
9,https://www.the-numbers.com/movie/Batman-Begins#tab=summary,"June 15, 2005",140 minutes,"D.C. Comics,Visual Effects,Corrupt Cops,Film Noir,Hallucinations,IMAX: DMR,Action Thriller,Origin Story,Batman",Based on Comic/Graphic Novel,Action,Live Action,Super Hero,Legendary Pictures,United States,English
10,https://www.the-numbers.com/movie/Fantastic-Four-(2005)#tab=summary,"July 08, 2005",106 minutes,"Marvel Comics,Visual Effects,Action Adventure,Origin Story,Space Program,Friends turned Enemies,Revenge,Epilogue",Based on Comic/Graphic Novel,Action,Live Action,Super Hero,"20th Century Fox,Constantin Film,Marvel Studios,1492 Pictures,Bernd Eichinger",United States,English
11,https://www.the-numbers.com/movie/Chicken-Little#tab=summary,"November 04, 2005",82 minutes,"Alien Invasion,Family Movie,3-D,3-D - Post-production Conversion,Family Adventure,Talking Animals,Animal Lead",Original Screenplay,Adventure,Digital Animation,Kids Fiction,Walt Disney Animation Studios,United States,English
12,https://www.the-numbers.com/movie/Wedding-Crashers#tab=summary,"July 15, 2005",119 minutes,"Romance,Wedding Crashers,Delayed Adulthood,Buddy Comedy",Original Screenplay,Comedy,Live Action,Contemporary Fiction,Tapestry Films,United States,English
13,https://www.the-numbers.com/movie/Robots#tab=summary,"March 11, 2005",90 minutes,"Robot,IMAX: DMR,Family Adventure,Steampunk,Corporate Malfeasance,Inventor",Original Screenplay,Adventure,Digital Animation,Kids Fiction,"20th Century Fox Animation,Blue Sky Studios",United States,English
14,https://www.the-numbers.com/movie/Constantine#tab=summary,"February 18, 2005",121 minutes,"D.C. Comics,Visual Effects,Demons,Heaven and Hell,Good vs. Evil,Exorcism,Action Horror",Based on Comic/Graphic Novel,Action,Live Action,Contemporary Fiction,"Weed Road Pictures,Village Roadshow Productions","United States,Germany",English
15,https://www.the-numbers.com/movie/Kingdom-of-Heaven#tab=summary,"May 06, 2005",148 minutes,"Religious,Action Adventure,1100s,Middle East,War,Christians,Muslims,The Crusades",Original Screenplay,Action,Live Action,Historical Fiction,Twentieth Century Fox,United States,English
16,https://www.the-numbers.com/movie/Flightplan#tab=summary,"September 23, 2005",98 minutes,"Surprise Twist,In a Plane,Flight Attendant,Kidnap,Psychological Thriller",Original Screenplay,Thriller/Suspense,Live Action,Contemporary Fiction,"Touchstone Pictures,Imagine Entertainment,Brian Grazer Productions",United States,English
17,https://www.the-numbers.com/movie/Fun-with-Dick-And-Jane-(2005)#tab=summary,"December 21, 2005",90 minutes,"Judd Apatow Buddy Comedy,Black Comedy,Crime,Satire,Remake,Corporate Malfeasance,Boss From Hell,Fired,Money Troubles,Economic Crash",Original Screenplay,Black Comedy,Live Action,Contemporary Fiction,"Columbia Pictures,Imagine Entertainment,Brian Grazer Productions,JC 23 Entertainment,Bart/Palevsky",United States,English
18,https://www.the-numbers.com/movie/Pacifier-The#tab=summary,"March 04, 2005",95 minutes,"Undercover,Action Comedy,Young Child Dealing with the Death of a Parent,Death of a Spouse or Fiancée / Fiancé,Nanny,Special Ops",Original Screenplay,Comedy,Live Action,Contemporary Fiction,"Walt Disney Pictures,Spyglass Entertainment,Birnbaum/Barber","United States,Canada",English
19,https://www.the-numbers.com/movie/Wallace-and-Gromit-The-Curse-of-the-Were-Rabbit#tab=summary,"September 15, 2005",85 minutes,"Family Movie,Monster,Kids Horror,Werewolf,Surprise Twist,Animal Lead,Inventor,Romance",Original Screenplay,Adventure,Stop-Motion Animation,Kids Fiction,"Aardman Animations,DreamWorks Animation",United States,English
20,https://www.the-numbers.com/movie/Longest-Yard-The-(2005)#tab=summary,"May 27, 2005",113 minutes,"Football,Prison,Sports Comedy,Remake,Texas,Cruel / Corrupt Wardens or Prison Guards,Political",Original Screenplay,Comedy,Live Action,Contemporary Fiction,"Paramount Pictures,Columbia Pictures,Happy Madison,MTV Films,Callahan Filmworks",United States,English
21,https://www.the-numbers.com/movie/Walk-the-Line#tab=summary,"November 18, 2005",136 minutes,"Biography,Musicians,Biographical Drama,Romance,Addiction,Golden Globe Winner Best Picture—Musical or Comedy",Based on Real Life Events,Drama,Live Action,Dramatization,"Fox 2000 Pictures,Tree Line Film,Catfish",United States,English
22,https://www.the-numbers.com/movie/Brokeback-Mountain#tab=summary,"December 09, 2005",134 minutes,"LGBTQ+,Cowboys in Modern Times,Cowboys,Life on a Farm,Romance,Forbidden Romance,Romantic Drama,2006 Oscars Best Picture Nominee,BAFTA Best Film Winner,Producers Guild of America Best Theatrical Motion Picture Winner,Directors Guild of America Outstanding Directorial Achievement in Theatrical Feature Film Winner,Writers Guild of America Best Adapted Screenplay Winner,Golden Globe Winner Best Picture—Drama",Based on Fiction Book/Short Story,Drama,Live Action,Historical Fiction,River Road Entertainment,United States,English
23,https://www.the-numbers.com/movie/40-Year-old-Virgin-The#tab=summary,"August 19, 2005",116 minutes,"Frat Pack,Judd Apatow Buddy Comedy,Romance,Divorcée Romance,Ensemble,Speed Dating,Relationships Gone Wrong,Romantic Comedy",Original Screenplay,Romantic Comedy,Live Action,Contemporary Fiction,"Judd Apatow,Universal Pictures",United States,English
24,https://www.the-numbers.com/movie/Island-The-(2005)#tab=summary,"July 22, 2005",136 minutes,"Cloning,Same Actor, Multiple Roles,Surprise Twist,Hitmen,Environment,Post Apocalypse,Conspiracy Theory,Corporate Malfeasance,Dream Sequence,Action Thriller",Original Screenplay,Action,Live Action,Science Fiction,Parkes+Macdonald Productions,United States,English
25,https://www.the-numbers.com/movie/Interpreter-The-(2005)#tab=summary,"April 15, 2005",128 minutes,"Child Soldier,Political Thriller,Interpreter,United Nations,Political Assassination,False Flag Operation,Surprise Twist,Genocide,Crimes Against Humanity,Death of a Sibling,Revenge",Original Screenplay,Thriller/Suspense,Live Action,Contemporary Fiction,"Universal Pictures,Working Title Films",United Kingdom,English
26,https://www.the-numbers.com/movie/Ring-Two-The-(2005)#tab=summary,"March 18, 2005",109 minutes,"Supernatural,Supernatural Horror",Based on Fiction Book/Short Story,Horror,Live Action,Contemporary Fiction,Parkes+Macdonald Productions,United States,English
27,https://www.the-numbers.com/movie/Memoirs-of-a-Geisha#tab=summary,"December 09, 2005",137 minutes,"Coming of Age,Historical Drama,1920s,1930s,Set in Japan",Based on Fiction Book/Short Story,Drama,Live Action,Historical Fiction,"Columbia Pictures,DreamWorks Pictures,Spyglass Entertainment",United States,English
28,https://www.the-numbers.com/movie/Sin-City#tab=summary,"April 01, 2005",124 minutes,"Dark Horse Comics,Segments,Visual Effects,Film Noir,Voiceover/Narration,Cannibalism,Tortured for Information,Intentionally Anachronistic,Crime Thriller",Based on Comic/Graphic Novel,Thriller/Suspense,Live Action,Fantasy,Troublemaker Studios,United States,English
29,https://www.the-numbers.com/movie/Monster-in-Law-(2005)#tab=summary,"May 13, 2005",100 minutes,"In-Laws / Future In-Laws,Romantic Comedy,Dysfunctional Family,Romance,Relationships Gone Wrong",Original Screenplay,Romantic Comedy,Live Action,Contemporary Fiction,"Benderspink Productions,Spring Creek Prod",United States,English
30,https://www.the-numbers.com/movie/Saw-II-(2005)#tab=summary,"October 28, 2005",,"Serial Killer,Trapped,Non-Chronological,Escape,Torture Porn,Slasher Horror",Original Screenplay,Horror,Live Action,Contemporary Fiction,,United States,
31,https://www.the-numbers.com/movie/Exorcism-of-Emily-Rose-The-(2005)#tab=summary,"September 09, 2005",119 minutes,"Religious,Possessed,Exorcism,Supernatural,Supernatural Horror",Based on Real Life Events,Horror,Live Action,Dramatization,Lakeshore Entertainment,United States,"English,Aramaic"
32,https://www.the-numbers.com/movie/Herbie-Fully-Loaded#tab=summary,"June 22, 2005",102 minutes,"Auto Racing,Visual Effects,Family Adventure,Legacy Sequel,Animated Inanimate Objects,Female Athlete in a Male Dominated Sport,Underdog,Gambling",Original Screenplay,Adventure,Live Action,Kids Fiction,,United States,English
33,https://www.the-numbers.com/movie/Legend-of-Zorro-The#tab=summary,"October 28, 2005",126 minutes,"Heroic Adventure,Swashbuckler,Romance,1850s,Set in California,Political,Relationships Gone Wrong,Secret Identity",Original Screenplay,Adventure,Live Action,Historical Fiction,"Columbia Pictures,Spyglass Entertainment",United States,English
34,https://www.the-numbers.com/movie/Cheaper-by-the-Dozen-2#tab=summary,"December 21, 2005",94 minutes,"Family Vacations,Family Comedy,Dysfunctional Family,Step-Family,Romance,Romeo and Juliet Romance",Original Screenplay,Comedy,Live Action,Contemporary Fiction,,United States,English
35,https://www.the-numbers.com/movie/Marche-de-l-empereur-La#tab=summary,"June 24, 2005",80 minutes,"Nature Documentary,Animal Lead,Set in Antarctica,Voiceover/Narration,Oscars Best Documentary Winner",Based on Real Life Events,Documentary,Live Action,Factual,,France,"English,French"
36,https://www.the-numbers.com/movie/Pride-and-Prejudice-(2005)#tab=summary,"October 20, 2005",128 minutes,"Historical Drama,Eloping",Based on Fiction Book/Short Story,Drama,Live Action,Historical Fiction,"Focus Features,StudioCanal,Working Title Films",United Kingdom,English
37,https://www.the-numbers.com/movie/Munich-(2005)#tab=summary,"December 23, 2005",164 minutes,"Terrorism,Hitmen,Olympics,Action Thriller,2006 Oscars Best Picture Nominee",Based on Factual Book/Article,Thriller/Suspense,Live Action,Dramatization,"Universal Pictures,Amblin Entertainment,The Kennedy/Marshall Company,Barry Mendel",United States,"English,German,Italian,French,Arabic,Hebrew"
38,https://www.the-numbers.com/movie/Bewitched#tab=summary,"June 24, 2005",98 minutes,"Secret Magic,Farcical / Slapstick Comedy,TV Industry,Aspiring Actress / Actor,Witches,Romance,Relationships Gone Wrong",Based on TV,Comedy,Live Action,Fantasy,Columbia Pictures,United States,English
39,https://www.the-numbers.com/movie/Hide-and-Seek-(2005)#tab=summary,"January 28, 2005",100 minutes,"Surprise Twist,Psychological Horror,Multiple Personality,Mental Illness,Faked Suicide,Young Child Dealing with the Death of a Parent,Death of a Spouse or Fiancée / Fiancé,Infidelity",Original Screenplay,Horror,Live Action,Contemporary Fiction,Regency Enterprises,United States,English
40,https://www.the-numbers.com/movie/Sahara#tab=summary,"April 08, 2005",124 minutes,"Treasure Hunters,Chase Adventure,1860s,Prologue,The Civil War,Civil War,Set in Africa,Corporate Malfeasance",Based on Fiction Book/Short Story,Adventure,Live Action,Contemporary Fiction,"Paramount Pictures,Bristol Bay Productions,Baldwin Entertainment Group,J.K. Livin Productions,Kanzaman Prods","Spain,Germany,United States,United Kingdom","English,French,Arabic"
41,https://www.the-numbers.com/movie/Corpse-Bride#tab=summary,"September 16, 2005",76 minutes,"Kids Horror,Romance,Friendly Ghost,Arranged Marriage,Zombies",Based on Folk Tale/Legend/Fairytale,Adventure,Stop-Motion Animation,Fantasy,"Tim Burton,Laika",United States,English
42,https://www.the-numbers.com/movie/Dukes-of-Hazzard-The#tab=summary,"August 05, 2005",105 minutes,"Action Comedy,Car Chase,Set in Georgia,Corrupt Cops,Land Developer,Auto Racing,Kidnap",Based on TV,Comedy,Live Action,Contemporary Fiction,Village Roadshow Productions,United States,English
43,https://www.the-numbers.com/movie/Amityville-Horror-The-(2005)#tab=summary,"April 15, 2005",89 minutes,"Haunting,Based on an UNTRUE Story,Supernatural,Supernatural Horror,Remake",Based on Fiction Book/Short Story,Horror,Live Action,Historical Fiction,"Metro-Goldwyn-Mayer Pictures,Dimension Films,Michael Bay,Platinum Dunes,Radar Pictures",United States,English
44,https://www.the-numbers.com/movie/Brothers-Grimm-The#tab=summary,"August 26, 2005",120 minutes,"Heroic Adventure,Confidence Men,Medieval,Royalty,Missing Child,Rescue,Supernatural,Werewolf,Fountain of Youth",Original Screenplay,Adventure,Live Action,Fantasy,"Mosaic Media,Daniel Bobker",United States,English
45,https://www.the-numbers.com/movie/Cinderella-Man-(2005)#tab=summary,"June 03, 2005",144 minutes,"Biography,Boxing,Inspired by a True Story,Inspirational Sports,Biographical Drama",Based on Real Life Events,Drama,Live Action,Dramatization,"Universal Pictures,Imagine Entertainment",United States,English
46,https://www.the-numbers.com/movie/Hitchhikers-Guide-to-the-Galaxy-The#tab=summary,"April 29, 2005",109 minutes,"Visual Effects,End of the World,Government Bureaucracy,Set in Outer Space,Alien Encounters,Surprise Twist,Friendly Alien on Earth,Hitchhiker,Writing and Writers,Buddy Comedy",Based on Fiction Book/Short Story,Adventure,Animation/Live Action,Science Fiction,,United States,English
47,https://www.the-numbers.com/movie/Guess-Who#tab=summary,"March 25, 2005",105 minutes,"In-Laws / Future In-Laws,Interracial Romance,Romance,Dysfunctional Family,Relationships Gone Wrong,Farcical / Slapstick Comedy,Remake",Original Screenplay,Comedy,Live Action,Contemporary Fiction,"Regency Enterprises,3 Arts Entertainment,Tall Trees,Katalyst Films",United States,English
48,https://www.the-numbers.com/movie/Miss-Congeniality-2-Armed-and-Fabulous#tab=summary,"March 24, 2005",115 minutes,"Undercover,Action Comedy,Police Detective,Kidnap,Rescue,FBI,Relationships Gone Wrong",Original Screenplay,Comedy,Live Action,Contemporary Fiction,"Castle Rock Entertainment,Village Roadshow Productions,Fortis Films",United States,English
49,https://www.the-numbers.com/movie/Crash-(2005)#tab=summary,"April 29, 2005",112 minutes,"Oscars Best Picture Winner,Set in Los Angeles,Race Relations,Class Warfare,Police Brutality,Corrupt Cops,FBI,Life Drama,Ensemble,2006 Oscars Best Picture Nominee,Screen Actors Guild Outstanding Performance by a Cast in a Motion Picture Winner,Writers Guild of America Best Original Screenplay Winner",Original Screenplay,Drama,Live Action,Contemporary Fiction,"Bob Yari Productions,DEJ Productions,BlackFriar's Bridge,Harris Company,ApolloProscreen,Bulls Eye Entertainment",United States,English
50,https://www.the-numbers.com/movie/Just-Like-Heaven-(2005)#tab=summary,"September 16, 2005",95 minutes,"Romance,Romantic Comedy,Supernatural,Haunting,Friendly Ghost,Car Accident,Death of a Spouse or Fiancée / Fiancé,Coma,Doctors,Medical and Hospitals",Based on Fiction Book/Short Story,Romantic Comedy,Live Action,Contemporary Fiction,Parkes+Macdonald Productions,United States,English
51,https://www.the-numbers.com/movie/Are-We-There-Yet#tab=summary,"January 21, 2005",94 minutes,"Road Trip,African Americans,Romance,Family Comedy,Exes in Love,Dysfunctional Family,Children Trying to Reunite Divorced Parents",Original Screenplay,Comedy,Live Action,Kids Fiction,Revolution Studios,United States,English
52,https://www.the-numbers.com/movie/Jarhead-(2005)#tab=summary,"November 04, 2005",122 minutes,"Military Life,Historical Battles,Gulf War,War,Government Bureaucracy,War Drama,Biography",Based on Fiction Book/Short Story,Drama,Live Action,Dramatization,Universal Pictures,United States,English
53,https://www.the-numbers.com/movie/Red-Eye#tab=summary,"August 19, 2005",85 minutes,"In a Plane,Crime Thriller,Kidnap,Political Assassination",Original Screenplay,Thriller/Suspense,Live Action,Contemporary Fiction,"DreamWorks Pictures,Benderspink Productions",United States,English
54,https://www.the-numbers.com/movie/Be-Cool#tab=summary,"March 04, 2005",,"Music Industry,Film Noir,Posthumous Release,Gratuitous Cameos,Organized Crime,Money Troubles,Big Break,Crime Comedy",Based on Fiction Book/Short Story,Comedy,Live Action,Contemporary Fiction,"Double Feature Films,Jersey Films",United States,"English,Russian"
55,https://www.the-numbers.com/movie/Untergang-Der#tab=summary,"February 18, 2005",155 minutes,"World War II,Epilogue,War,War Drama,1940s",Based on Factual Book/Article,Drama,Live Action,Dramatization,,"Germany,Italy,Austria",German
56,https://www.the-numbers.com/movie/Syriana#tab=summary,"November 23, 2005",127 minutes,"Political Thriller,Government Corruption,Corporate Malfeasance,Royalty,Death of a Son or Daughter,Accidental Death,Arms Dealer,C.I.A.,Demoted,Suicide Bomber,Terrorism",Based on Fiction Book/Short Story,Thriller/Suspense,Live Action,Contemporary Fiction,Participant Media,United States,English
57,https://www.the-numbers.com/movie/Four-Brothers-(2005)#tab=summary,"August 12, 2005",109 minutes,"Hood Film,Crime,Crime Boss,Crime Thriller,Corrupt Cops,Adopted Family,Young Child Dealing with the Death of a Parent,Remake",Original Screenplay,Thriller/Suspense,Live Action,Contemporary Fiction,di Bonaventura Pictures,"United States,Canada",English
58,https://www.the-numbers.com/movie/Family-Stone-The#tab=summary,"December 16, 2005",104 minutes,"Family Comedy,Christmas,In-Laws / Future In-Laws,Dysfunctional Family,F-Rated,Interracial Romance,Adopted Family,LGBTQ+,Relationships Gone Wrong,Infidelity",Original Screenplay,Comedy,Live Action,Contemporary Fiction,,United States,English
59,https://www.the-numbers.com/movie/Skeleton-Key-The-(2005)#tab=summary,"August 12, 2005",104 minutes,"Surprise Twist,Supernatural,Supernatural Horror",Original Screenplay,Horror,Live Action,Contemporary Fiction,Double Feature Films,United States,
60,https://www.the-numbers.com/movie/White-Noise-(2005)#tab=summary,"January 07, 2005",101 minutes,"Supernatural,Supernatural Horror",Original Screenplay,Horror,Live Action,Contemporary Fiction,Gold Circle Films,"United States,United Kingdom,Canada",English
61,https://www.the-numbers.com/movie/Racing-Stripes#tab=summary,"January 07, 2005",102 minutes,"Talking Animals,Family Adventure,Horse Racing,Underdog,Animal Lead",Original Screenplay,Adventure,Animation/Live Action,Kids Fiction,,United States,English
62,https://www.the-numbers.com/movie/Transporter-2-The#tab=summary,"September 02, 2005",87 minutes,"Kidnap,Action Thriller,Dysfunctional Family,Set in France",Original Screenplay,Action,Live Action,Contemporary Fiction,,France,
63,https://www.the-numbers.com/movie/Rumor-Has-It#tab=summary,"December 25, 2005",96 minutes,"Comedy Drama,Dysfunctional Family,Wedding Jitters / Cold Feet,Writing and Writers,Relationships Gone Wrong,1990s",Original Screenplay,Comedy,Live Action,Contemporary Fiction,"Rose City Pictures, Inc.",United States,English
64,https://www.the-numbers.com/movie/Match-Point#tab=summary,"December 28, 2005",124 minutes,"Psychological Thriller,Tennis,Retirement,Former Professional Athlete,Romance,Relationships Gone Wrong,Infidelity,Dysfunctional Family,Aspiring Actress / Actor,Dream Sequence",Original Screenplay,Thriller/Suspense,Live Action,Contemporary Fiction,,United States,
65,https://www.the-numbers.com/movie/Constant-Gardener-The#tab=summary,"August 31, 2005",129 minutes,"Whistleblowers,Faked Suicide,Corporate Malfeasance,Pharmaceuticals,Human Experimentation,Set in Africa,Political Thriller",Based on Fiction Book/Short Story,Thriller/Suspense,Live Action,Historical Fiction,Potboiler Productions,United States,English
66,https://www.the-numbers.com/movie/Sky-High#tab=summary,"July 29, 2005",100 minutes,"Visual Effects,Family Adventure,Origin Story,Father’s Footsteps,Surprise Twist,Bullies,High School",Original Screenplay,Adventure,Live Action,Super Hero,"Walt Disney Pictures,Gunnfilms",United States,English
67,https://www.the-numbers.com/movie/In-Her-Shoes-(2005)#tab=summary,"October 07, 2005",130 minutes,"Dysfunctional Family,Comedy Drama,Mental Illness,Addiction,Money Troubles,Retirement Home,Young Child Dealing with the Death of a Parent,Suicide",Based on Fiction Book/Short Story,Drama,Live Action,Contemporary Fiction,Fox 2000 Pictures,United States,English
68,https://www.the-numbers.com/movie/Hostage#tab=summary,"March 11, 2005",113 minutes,"Hostage,Kidnap,Organized Crime,Prologue,Murder - Suicide,Action Thriller",Based on Fiction Book/Short Story,Action,Live Action,Contemporary Fiction,,United States,
69,https://www.the-numbers.com/movie/Coach-Carter-(2005)#tab=summary,"January 14, 2005",137 minutes,"Basketball,Inspirational Coach,Epilogue,Inspired by a True Story,Hood Film,Biography,Sports Drama",Original Screenplay,Drama,Live Action,Contemporary Fiction,"MTV Films,Tollin/Robbins",United States,English
70,https://www.the-numbers.com/movie/Stealth#tab=summary,"July 29, 2005",121 minutes,"Visual Effects,Action Adventure,Artificial Intelligence,Artisans vs. Automation,War,Near Future,Set in North Korea,Set in South Korea",Original Screenplay,Action,Live Action,Science Fiction,Columbia Pictures,United States,English
71,https://www.the-numbers.com/movie/Yours-Mine-and-Ours-(2005)#tab=summary,"November 23, 2005",88 minutes,"Unexpected Families,Dysfunctional Family,Family Comedy,Remake",Original Screenplay,Comedy,Live Action,Contemporary Fiction,"Paramount Pictures,Metro-Goldwyn-Mayer Pictures,Nickelodeon Films,Columbia Pictures",United States,English
72,https://www.the-numbers.com/movie/XXX-State-of-the-Union#tab=summary,"April 29, 2005",101 minutes,"Secret Agent,Visual Effects,Action Thriller,Sequels Without Their Original Stars",Original Screenplay,Action,Live Action,Contemporary Fiction,Revolution Studios,United States,English
73,https://www.the-numbers.com/movie/House-of-Wax-(2005)#tab=summary,"May 06, 2005",107 minutes,"Slasher Horror,Ghost Town,Twins,Conjoined Twins,Dysfunctional Family,Surprise Twist,Remake",Based on Fiction Book/Short Story,Horror,Live Action,Contemporary Fiction,Dark Castle Entertainment,"Australia,United States",English
74,https://www.the-numbers.com/movie/Adventures-of-Sharkboy-and-Lavagirl-in-3-D-The#tab=summary,"June 10, 2005",94 minutes,"Visual Effects,3-D,Voiceover/Narration,Bullies,Same Actor, Multiple Roles,3-D - Shot in 3-D,Family Adventure",Original Screenplay,Adventure,Live Action,Kids Fiction,"Dimension Films,Columbia Pictures,Troublemaker Studios",United States,English
75,https://www.the-numbers.com/movie/Prime-(2005)#tab=summary,"October 28, 2005",105 minutes,"Divorcée Romance,Romance,Romantic Comedy,Dysfunctional Family,Therapists / Therapy",Original Screenplay,Romantic Comedy,Live Action,Contemporary Fiction,"Stratus Film Company,Focus Features,Team Todd,Younger Than You Productions",United States,English
76,https://www.the-numbers.com/movie/Boogeyman#tab=summary,"February 04, 2005",89 minutes,"Supernatural Horror,Supernatural",Original Screenplay,Horror,Live Action,Contemporary Fiction,Mandate Pictures,"United States,New Zealand",English
77,https://www.the-numbers.com/movie/Valiant#tab=summary,"August 19, 2005",75 minutes,"Family Adventure,World War II,1940s,Animal Lead,Talking Animals",Original Screenplay,Adventure,Digital Animation,Kids Fiction,"Walt Disney Pictures,Vanguard Animation,UK Film Council,Ealing Studios,Take Film Partnerships,Odyssey Entertainment","United Kingdom,United States",English
78,https://www.the-numbers.com/movie/History-of-Violence-A-(2005)#tab=summary,"September 23, 2005",96 minutes,"Surprise Twist,Film Noir,Action Thriller",Based on Comic/Graphic Novel,Thriller/Suspense,Live Action,Contemporary Fiction,,United States,English
79,https://www.the-numbers.com/movie/Lord-of-War#tab=summary,"September 16, 2005",122 minutes,"Mid-Life Crisis,Breaking the Fourth Wall,Voiceover/Narration,Child Soldier,Blood Diamonds,Arms Dealer,Crime Drama,1980s,Addiction,Rehab / Former Addict,Narcotics,Interpol,Relationships Gone Wrong,Going Legit,One Last Job,Dysfunctional Family,Death of a Son or Daughter,Death of a Sibling,Government Corruption",Original Screenplay,Drama,Live Action,Contemporary Fiction,"VIP Medienfonds 3,Ascendant Pictures,Saturn Films,Rising Star Productions,Copag V,Endgame Entertainment",United States,English
80,https://www.the-numbers.com/movie/Son-of-the-Mask#tab=summary,"February 18, 2005",94 minutes,"Dark Horse Comics,Heroic Adventure,Norse Mythology,Legacy Sequel,Famously Bad,Standalone Sequel",Based on Comic/Graphic Novel,Adventure,Live Action,Kids Fiction,"New Line Cinema,Radar Pictures,Dark Horse Entertainment","United Kingdom,United States",English
81,https://www.the-numbers.com/movie/Doom#tab=summary,"October 21, 2005",104 minutes,"Alien Invasion,Visual Effects,Mutants,Monster,Action Horror,2020s,Set on Mars,Twins",Based on Game,Horror,Live Action,Science Fiction,"Universal Pictures,John Wells Productions,di Bonaventura Pictures",United Kingdom,English
82,https://www.the-numbers.com/movie/Zathura#tab=summary,"November 11, 2005",95 minutes,"Visual Effects,Family Adventure,Dysfunctional Family,Sibling Rivalry",Based on Fiction Book/Short Story,Adventure,Animation/Live Action,Fantasy,"Columbia Pictures,Radar Pictures,Teitler Film,Michael De Luca Productions",United States,English
83,https://www.the-numbers.com/movie/Must-Love-Dogs-(2015)#tab=summary,"July 29, 2005",98 minutes,"Romance,Romantic Comedy,Divorcée Romance,Relationships Gone Wrong,Love Triangle",Based on Fiction Book/Short Story,Romantic Comedy,Live Action,Contemporary Fiction,,United States,English
84,https://www.the-numbers.com/movie/Derailed#tab=summary,"November 11, 2005",107 minutes,"Revenge,Film Noir,Crime Thriller,Non-Chronological,Prologue,Relationships Gone Wrong,Diabetes,Medical and Hospitals,Money Troubles,Blackmail,False Identity,Confidence Men,Surprise Twist,White Collar Crime",Based on Fiction Book/Short Story,Thriller/Suspense,Live Action,Contemporary Fiction,"Weinstein Company,Miramax Films,di Bonaventura Pictures,Patalex V Productions Limited","United States,United Kingdom","English,French"
85,https://www.the-numbers.com/movie/Elektra#tab=summary,"January 14, 2005",97 minutes,"Marvel Comics,Visual Effects,Non-Chronological,Action Adventure,Hitmen,Hitman Falling In Love with their Target",Spin-Off,Action,Live Action,Super Hero,"Regency Enterprises,Twentieth Century Fox,Marvel Studios,New Regency,Horseshoe Bay",United States,English
86,https://www.the-numbers.com/movie/Good-Night-and-Good-Luck#tab=summary,"October 07, 2005",100 minutes,"Historical Drama,1950s,Communism,TV Industry,TV News,News,Investigative Journalist,Political,Government Corruption,2006 Oscars Best Picture Nominee",Based on Real Life Events,Drama,Live Action,Dramatization,"Participant Media,Section Eight",United States,English
87,https://www.the-numbers.com/movie/Kicking-and-Screaming-(2005)#tab=summary,"May 13, 2005",95 minutes,"Soccer,Judd Apatow Buddy Comedy,Family Comedy",Original Screenplay,Comedy,Live Action,Contemporary Fiction,Universal Pictures,United States,English
88,https://www.the-numbers.com/movie/Poohs-Heffalump-Movie#tab=summary,"February 11, 2005",68 minutes,"Family Adventure,Living Toys,Animal Lead,Talking Animals",Based on Fiction Book/Short Story,Adventure,Hand Animation,Kids Fiction,,United States,
89,https://www.the-numbers.com/movie/Wangeui-Namja-(S-Korea)(2005)#tab=summary,"December 29, 2005",119 minutes,"Historical Drama,Performing Arts,Royalty,Censorship",Based on Play,Drama,Live Action,Historical Fiction,,Republic of Korea,Korean
90,https://www.the-numbers.com/movie/Aeon-Flux#tab=summary,"December 02, 2005",92 minutes,"Visual Effects,Action Adventure,Dystopia,Cyberpunk,F-Rated,Femme Fatale,Secret Agent,Epidemic,Cloning,Secret Societies,Political,Government Corruption,Human Experimentation,Infertility,Surprise Twist,Research Scientist,Death of a Sibling",Based on TV,Action,Live Action,Science Fiction,"MTV Films,Lakeshore Entertainment",United States,English
91,https://www.the-numbers.com/movie/Elizabethtown#tab=summary,"October 14, 2005",123 minutes,"Funeral Reunions,Road Trip,Romantic Drama,Romance,Adult Child Dealing with the Death of a Parent,Fired,Depression,Suicide",Original Screenplay,Drama,Live Action,Contemporary Fiction,"Paramount Pictures,Tom Cruise Productions,Wagner Productions,Vinyl Films",United States,English
92,https://www.the-numbers.com/movie/Diary-of-a-Mad-Black-Woman#tab=summary,"February 25, 2005",116 minutes,"Same Actor, Multiple Roles,Voiceover/Narration,African Americans,Relationships Gone Wrong,House Arrest,Cross-Dressing,Fat Suit,Comedy Drama",Based on Play,Drama,Live Action,Contemporary Fiction,,United States,English
93,https://www.the-numbers.com/movie/Fever-Pitch-(2005)#tab=summary,"April 08, 2005",104 minutes,"Baseball,Romance,Remake,Romantic Comedy,Relationships Gone Wrong,Workaholic",Based on Factual Book/Article,Romantic Comedy,Live Action,Contemporary Fiction,,United States,English
94,https://www.the-numbers.com/movie/Capote#tab=summary,"September 30, 2005",114 minutes,"Biography,Biographical Drama,Writing and Writers,1950s,1960s,Set in Kansas,Addiction,LGBTQ+,Death Row,2006 Oscars Best Picture Nominee",Based on Real Life Events,Drama,Live Action,Dramatization,"United Artists,Sony Pictures Classics,A-Line Pictures,Coopers Town Productions,Infinity Media","United States,Canada",English
95,https://www.the-numbers.com/movie/Dark-Water#tab=summary,"July 08, 2005",105 minutes,"Supernatural Horror,Supernatural,Dysfunctional Family,Haunting,Remake,Foreign-Language Remake,Abandoned Child,Young Child Dealing with the Death of a Parent",Based on Fiction Book/Short Story,Horror,Live Action,Fantasy,"Touchstone Pictures,Pandemonium,Vertigo Films",United States,English
96,https://www.the-numbers.com/movie/Danny-the-Dog#tab=summary,"May 13, 2005",102 minutes,"Underground / Illegal Fighting,Action Thriller,Raised by Kidnappers,Loan Shark,Blindness,Musicians,Faulty Memory",Original Screenplay,Action,Live Action,Contemporary Fiction,"Rogue Pictures,EuropaCorp,Danny the Dog Ltd,TF1 Film Productions,Qian Yian International,Canal Plus,Current Entertainment","France,United Kingdom",English
97,https://www.the-numbers.com/movie/Welcome-to-Dongmakgol-(2005-South-Korea)#tab=summary,,133 minutes,"Comedy Drama,1950s,Set in Korea,War,Korean War,Self-sacrifice",Based on Play,Comedy,Live Action,Contemporary Fiction,,Republic of Korea,Korean
98,https://www.the-numbers.com/movie/George-A-Romeros-Land-of-the-Dead#tab=summary,"June 24, 2005",97 minutes,"Zombies,Survival Horror,Legacy Sequel,Dystopia",Original Screenplay,Horror,Live Action,Science Fiction,,"Canada,France,United States",English
99,https://www.the-numbers.com/movie/Wedding-Date-The-(2005)#tab=summary,"February 04, 2005",88 minutes,"Epilogue,Romance,Romantic Comedy,Relationships Gone Wrong,Step-Family,Wedding Day,Infidelity,Wedding Day Disasters",Based on Fiction Book/Short Story,Romantic Comedy,Live Action,Contemporary Fiction,Gold Circle Films,United States,English
